CustomerID,FirstName,LastName,Community,PhoneNumber
e245aeb0-8a10-412e-8adc-8b0ae7f38c14,Charlie,Wilson,Gugulethu,0557589769
71a21308-ddac-49b7-8d19-2f734df4e139,Grace,Davis,Philippi,0300469018
1e3e98e1-4ea9-4aed-86a8-df82d7ddef0c,Jane,Taylor,Philippi,0132665408
27fd261c-b2a0-430e-a15c-60ee94086f72,Grace,Wilson,Khayelitsha,0742561206
98771076-5da3-471f-b3ca-fcbd22bbe4fd,John,Brown,Soweto,0749132435
79d1b5a4-3b88-4630-8892-fc38db18d437,Jane,Davis,Gugulethu,0407126663
c20d243c-eb13-4d09-b959-94b707df07cb,Jane,Taylor,Philippi,0126293309
ddc23e96-efd8-4891-8b91-ff1857eb1003,John,Brown,Gugulethu,+27966985122
2df9eefb-ec99-47d0-92a6-57c77a4793a6,Hannah,Lee,Philippi,0564393801
9e0d10da-0933-4d29-adba-98e47fd8bda4,Frank,Miller,Gugulethu,0186645958
4bba0d9b-7be1-4d30-a42d-02ae91531c03,Hannah,Brown,Soweto,0340261970
6361a74d-db59-45ab-8afe-5f78b00c66a0,David,Taylor,Gugulethu,+27902693346
b5278375-775e-4fc6-804b-f829d7724c58,Hannah,Lee,Khayelitsha,0487222550
b06e97cf-64d9-4ba9-b577-959a6116c2cf,Grace,Brown,Philippi,0659677017
9e01d5bb-d72b-4a6b-a03a-2b311381ea37,Alice,Brown,Strand,0720722641
30aa146c-819c-4583-9580-b3b40b3f10ac,Grace,Moore,Khayelitsha,+27996701149
eec67246-813e-46f6-bd25-161d679ad6d3,Grace,Williams,Strand,0538007544
1de6ea78-44f5-4862-8876-51605093d1ac,Jane,Davis,Soweto,0367434609
db588480-fd13-44f8-a84f-f19a3ec3f8af,Grace,Lee,Soweto,0451217505
f11c4b11-fef4-41ec-92a7-3507f7897932,Charlie,Lee,Philippi,+27528967503
5efa1f8a-ad6b-43d7-9ae5-5919e77aca0a,Alice,Wilson,Gugulethu,0163940487
1cf7ec36-2843-4fff-afac-9dc23ebbe87a,Frank,Miller,Gugulethu,+27229405586
56513f91-ab7a-45e5-9dea-29a59d695299,John,Miller,Soweto,0283123378
3f84b6ea-67ed-43c5-995d-278750903b80,Hannah,Wilson,Strand,0167636674
ac29cb53-699c-4aa4-a2a2-4bb8f983eaa2,Frank,Smith,Gugulethu,0586209333
b6a9558a-a762-4df1-b895-f6eaf55e84b3,Charlie,Brown,Philippi,0774733776
26522940-b5fa-4bb5-94dc-07a1dab1a042,David,Jones,Soweto,+27505954095
e8525080-dee7-4957-8b0c-06bca398b96d,John,Jones,Soweto,0533881747
dbc59682-d5d8-4ec7-8e3b-9120f0e8545a,Frank,Williams,Soweto,+27666505960
8552da9d-6138-4068-a054-599100bf4025,John,Jones,Khayelitsha,0442030730
faa6a1dd-eef5-481b-ba28-436259835626,Alice,Taylor,Philippi,0625583258
5d01e57d-3f7d-4b09-8f45-e6f3429f6dc1,Frank,Lee,Khayelitsha,0770701257
d8395962-2916-45f8-bfc7-adcd24dfad48,John,Davis,Soweto,0196656850
ff1116f6-222e-4b90-85c4-b8cdf74844e5,Eve,Brown,Strand,+27488250566
e095ff77-8c1b-40e7-8539-3d9632d728bb,Bob,Smith,Gugulethu,+27334048043
68e54bdd-fa66-4d28-922e-1299039a83c2,Charlie,Lee,Gugulethu,0985783964
b69a3623-4c16-4ed6-ac1a-34446d285580,Frank,Wilson,Gugulethu,0354692764
72619560-a714-44eb-b29e-aac48a108ddb,John,Davis,Khayelitsha,+27242483169
b193495a-24bb-47c6-ae73-150e0f9a028c,John,Moore,Strand,0828555282
adea631a-ba15-4557-bb51-a55cb466189a,John,Taylor,Khayelitsha,+27480497483
acf84ddc-bf8c-4a5e-9b9d-4108a04405da,Charlie,Jones,Gugulethu,+27111501334
5fa16a28-6d65-4195-abcf-d71f8e6d99f6,Hannah,Williams,Gugulethu,+27535392942
e7cc373f-bc20-409b-b485-5942f4c06147,Alice,Smith,Khayelitsha,0344347218
2741b0b4-cfb1-4425-9266-02370e1a41b6,Grace,Williams,Soweto,0131806479
32521f8c-abcc-4c36-91a4-e287da60273c,Hannah,Williams,Strand,0350107112
b5295c92-8e8b-4044-b927-51fdc78c9aa0,Frank,Moore,Soweto,0653501752
62489902-044c-44b2-98b4-1470721971b3,Bob,Williams,Philippi,0471249453
4dbcc2bc-e844-4518-a19c-16a85af8e5e5,Eve,Smith,Philippi,0266938459
c5f88a0f-06ff-4c22-9b49-66fec85e8efb,Jane,Williams,Gugulethu,+27789804429
e238bc51-117e-4e0d-bd2d-ea3abdbaa6cc,Charlie,Davis,Strand,+27621377919
9414969f-a1f6-40e3-984d-9df6385c9024,Grace,Williams,Soweto,0940401346
f6e60800-fc83-400d-83fd-4baf8d1f0c36,David,Davis,Strand,0743752063
1f320035-1c45-40c1-9261-8efd5185dfca,Frank,Williams,Philippi,0288978288
f43c114e-ba79-467d-ab1b-1f9468329f68,Hannah,Taylor,Philippi,+27811536456
ce360cc1-7146-4b98-9bfb-ffa85e6ce85e,John,Lee,Khayelitsha,0237936663
1d9e2e5d-51ef-4cb0-bbe3-a318cc18a455,Eve,Miller,Khayelitsha,0110792550
cf7ca1a2-7f02-40d7-8d4b-2bc3c2402e8d,Jane,Lee,Gugulethu,0850618795
26c4516f-264d-4572-b32a-b79900d2507f,Eve,Moore,Strand,0644391309
19ce0beb-75f4-46be-bd77-732aa937e509,Frank,Taylor,Khayelitsha,+27201702785
914d2b71-98f0-4e06-ab76-98ef5c074acf,David,Davis,Strand,0332235789
7a3299ef-2600-40ed-a4e1-10c0b96a020d,John,Brown,Khayelitsha,0922094357
61dd4011-be1a-4590-8168-818811fe846b,Hannah,Williams,Gugulethu,0150708361
55f94191-bd59-4dd7-a179-074a2c26d8e2,Bob,Taylor,Philippi,+27294659541
4960a7d6-3a27-40b5-8dd6-ef06189f744d,Eve,Miller,Strand,0564443518
0b8d8fde-7e9b-4a04-a8f4-fe4c19d2b98c,Charlie,Miller,Strand,+27785327128
70dba3ac-999a-4e68-a22e-fcbcf3b9874b,Eve,Wilson,Khayelitsha,+27490790252
a75339c5-cd02-467d-9350-3278c185290d,John,Taylor,Strand,0972108554
631015f9-4855-4353-acc3-190b80264d9e,Frank,Lee,Philippi,0774087785
abf38f5c-3eab-4a40-8b5d-75bd1198fe6a,Frank,Wilson,Philippi,+27354242225
af89154f-66fa-4cc8-911a-957cb545bd0e,David,Jones,Khayelitsha,+27792116370
39b464e3-41cf-4021-89ea-e3dc2685d7b4,David,Taylor,Khayelitsha,0741835474
a2fde86c-511a-48d0-bdee-e0bee5a6617a,Eve,Davis,Soweto,+27131567838
e937d334-d12f-4155-bca8-e09a10a68f00,Alice,Moore,Khayelitsha,0413681176
fdee3f75-2b4f-45f5-951f-cca5622f09d9,Frank,Brown,Philippi,+27927843309
3a966c37-988a-4293-a1b4-d08de7f0fe18,Frank,Miller,Gugulethu,+27492453314
caf2e770-a0a7-49ea-adea-c4c4e8ab62eb,Charlie,Wilson,Khayelitsha,0906291596
ddd13541-8d68-450b-91ef-54add321cbc2,Hannah,Davis,Strand,0491302105
14af282f-7fbf-4dc1-9679-ece46ba6db92,Jane,Davis,Khayelitsha,0752980453
d5626244-d551-412c-9864-22a71968cf28,Hannah,Miller,Khayelitsha,+27877162113
dbc40b08-55ad-485c-a331-96d3ce6ac2bd,Eve,Miller,Strand,0247970864
61f568fb-8658-41f2-9922-80ba229d38b9,John,Taylor,Khayelitsha,0571481173
87ac8a8b-3ee7-4cf5-88cf-0bc4b8c38b70,Charlie,Taylor,Soweto,0684533985
bad6caab-28bf-4908-a585-480907da024d,Bob,Jones,Philippi,+27686208135
17d73bc6-38c3-487a-a0d0-132672796d9f,Bob,Williams,Khayelitsha,0148001661
20f2cec0-4697-41be-92e3-290e5b37a6a9,Jane,Lee,Philippi,0293311663
198066ec-08ef-4dc0-82f1-02ed1d36a33d,Frank,Jones,Soweto,0401877969
cd55dff3-390f-4922-b946-b6b047698a79,David,Williams,Philippi,0592747801
42b25476-e610-4676-ac69-ccdefc309358,Frank,Lee,Soweto,0173368433
0070a6c2-32db-4ba9-b29c-bfab5bacfdbb,Hannah,Williams,Soweto,0181083877
0440f688-223d-48ca-aec7-42c5888824b5,John,Wilson,Khayelitsha,0875421461
e253486f-a470-450e-a715-a710563849e7,Bob,Miller,Khayelitsha,0216471994
c2567581-8995-4f9c-8cc7-dce3ecd12b8a,Eve,Wilson,Gugulethu,0453905387
c07055f3-c997-4422-9fab-e723754d4b7d,Grace,Taylor,Khayelitsha,+27642919695
8ad312e2-f431-4a25-adf1-9f4cdc27aa3d,Grace,Williams,Strand,+27196468869
49b6919e-29e8-453c-b532-91980b7cea62,Bob,Williams,Gugulethu,0189117995
fd80e5f5-7427-4a95-84b1-1f84f47cbc77,Charlie,Brown,Gugulethu,+27824186841
cfc91efd-a8f8-4d90-b2a0-0a3cf7edbb72,Alice,Wilson,Philippi,0817411871
db60dffd-bc7c-4805-929b-6cb144668f3b,Eve,Wilson,Philippi,0148977680
46d28937-e176-4d44-850b-0ca37d60108b,David,Davis,Philippi,0793830530
68fa7f3a-258f-4a05-9904-006fcdd28eaf,Alice,Jones,Gugulethu,+27740040937
03073327-af46-4b29-b7d9-b4747f4f1c56,Eve,Davis,Soweto,0968600521
b6858596-4ba8-44f4-b9a5-5597505ebbda,Alice,Taylor,Soweto,0690314021
bbbe8824-240a-4657-930d-61a16436f3dd,Charlie,Williams,Soweto,+27519369673
e0fa39c2-b6ac-4e91-9a6b-937b7b007a45,Eve,Davis,Strand,0832012934
aa93b194-f2ca-4547-b01e-37996e2a11b0,Frank,Brown,Khayelitsha,0253188491
0ef8ccaa-88a9-4b80-b0d1-33a5367db168,Bob,Moore,Strand,0545204706
e71d40ea-1108-49c8-8ab0-6b87054c4e46,Grace,Wilson,Philippi,0620658009
f225159c-6558-48ba-bf47-5b46f8e51e61,Bob,Miller,Soweto,0396318958
bbbc1df0-2a37-43d5-a2bf-5e5c77ea9a95,Frank,Williams,Philippi,+27165096070
d794d1c6-3ae3-4b44-9b64-18a6ef8720e4,Alice,Jones,Strand,0632242742
6440a558-cb42-4f68-8d98-bd8c22946569,Alice,Wilson,Strand,0661154263
a45c8d41-eff5-4093-ac44-7f7cb15a2ac0,Jane,Moore,Philippi,+27934833054
0cc7305b-ff8e-4db2-b05b-7422046cebac,David,Jones,Philippi,0123880519
4c70fbc0-e807-41e1-8a0e-61a09c0252df,John,Taylor,Soweto,0244093584
5b8ea397-773b-424e-8a03-38c8d70a294d,Bob,Davis,Philippi,+27296016752
dd825a2c-445b-40e7-9e1f-87f219bdaf6c,Alice,Brown,Philippi,0604504416
70839e76-dc4e-43b7-8cee-62ba23b571a8,Hannah,Lee,Philippi,+27696942168
0b46d98d-c953-4290-a215-5740596dca22,Eve,Wilson,Gugulethu,0451708809
efc8b03d-3a12-4889-8f69-896f8a50ba46,Hannah,Jones,Philippi,0571449642
3cbd7b0c-ad04-4cd0-90e5-1f00a49ad38e,Charlie,Davis,Strand,0983609960
0c1e8ac5-1cf2-455e-a301-c20a0bbca526,David,Jones,Philippi,0189497688
e904cf5c-a79b-4e00-9416-bc1b1afba06c,John,Moore,Philippi,0427898739
365bf8bf-cb30-4ad2-90bd-9536edecf960,Charlie,Lee,Philippi,0655410821
09a36dbc-9390-4079-a8e0-2f17c39e88c0,Frank,Williams,Philippi,+27516757049
452dd1fa-52fa-4420-a2fc-988fda694cbd,Charlie,Davis,Gugulethu,0968008283
b9a902b5-79e9-48e5-a5f3-ca663cf88216,John,Taylor,Khayelitsha,0895318789
6c5acbee-4663-47d3-b16f-d0f94bc6b558,Alice,Brown,Philippi,0198288967
482c7033-a2bf-465b-afdf-697946219e37,David,Miller,Gugulethu,0427476382
01a74f9a-e892-49ca-b7cc-25c161de26ef,Jane,Moore,Strand,0943009237
8983fff4-bb0d-48c3-95c4-e821c98b094d,Eve,Taylor,Khayelitsha,+27375112841
e34b3f46-c33b-4b9c-906c-5029c94d3529,John,Brown,Khayelitsha,0712569525
43d99545-d903-429d-9009-1b89c53ed75b,David,Moore,Strand,0318864313
4bc20e75-cef4-40d7-9246-361fb25eefff,Alice,Williams,Strand,0326457334
d5d116e1-d69c-4feb-b999-0269ab5e3569,Bob,Wilson,Khayelitsha,0239053190
96cb71d2-1eb2-4d1c-8d1f-a8124933ab65,David,Williams,Soweto,+27165494119
492aa31a-70ae-4303-a5db-3672c7b4867c,John,Williams,Gugulethu,+27776124607
ed77efe1-4839-4085-b7b5-9e7f61af0a60,Bob,Davis,Philippi,0557363860
dde69c4e-cd2b-4bb8-b239-9b93bec1aead,David,Brown,Khayelitsha,0108416673
e66799a4-65a3-47ac-b6d5-73b616864358,Frank,Wilson,Gugulethu,0106684577
67a40227-1e8b-427d-adfb-1eddbd24e5d4,Jane,Williams,Gugulethu,0202696974
177725b3-d23c-43cd-96b5-b11a20103edd,Charlie,Lee,Strand,0490120235
58377228-1b5d-40a2-8085-1e3894f8df71,Hannah,Taylor,Strand,+27710094005
1312e5de-3d3b-4fa6-b1ee-635322071129,Eve,Taylor,Khayelitsha,+27633572781
1e496a98-19b8-487f-9afe-3b8c1e2eb923,Alice,Jones,Philippi,0200027522
9b82e57a-827f-4007-90f5-630b29862f6f,Jane,Wilson,Gugulethu,+27787647741
07cb02c4-2173-42f3-90a1-f8189c3ef145,David,Davis,Philippi,0536077381
cd1a1962-1344-4d68-bd13-72391c05e87f,Jane,Taylor,Strand,+27878762787
98cc8606-d008-4f28-8952-8df819851c40,Bob,Davis,Khayelitsha,0947209286
ea6cc078-6be8-4477-85ef-ed4c827c94a6,Hannah,Williams,Khayelitsha,+27401107680
fdb90cb8-a194-43d3-9997-31c33f610010,Hannah,Smith,Gugulethu,+27129402122
5fb0a3b5-3605-42e4-9de1-91724468e27a,John,Taylor,Khayelitsha,0391919299
32ae0552-0e4f-4028-9256-abb924d904c0,Grace,Williams,Philippi,+27583348952
363d649e-090a-4e51-9037-613f9d261cb5,Frank,Taylor,Philippi,0598516570
80b46f24-da9a-4d39-9b7e-e1829b3d889b,Jane,Davis,Soweto,+27551597890
e04977f8-3b5a-4bb8-b362-716b772beb25,John,Taylor,Soweto,+27991546791
519eb14b-46c0-460e-832b-c648f50049d9,Hannah,Lee,Khayelitsha,+27439929202
df2c27af-7590-478c-928c-61fbcfb47ff2,Frank,Brown,Strand,+27778708397
13f9973a-43bc-41b6-b081-cd81b528a049,David,Jones,Gugulethu,+27552927694
ec59dc8c-d188-4563-94cc-5c5162b2b7a4,Jane,Miller,Strand,+27701998735
20e7fb1c-445d-4d53-a50a-1dad6313d78e,Hannah,Taylor,Gugulethu,0394017289
c18a6b98-694b-4a96-88b4-57116398de57,Grace,Taylor,Strand,0632532471
6c583e1c-7834-4bc3-887e-75877e8ff5d5,Charlie,Taylor,Strand,0367585709
78846be3-9b12-431b-91f7-d6d4072cc428,Jane,Jones,Philippi,+27757945541
975c0cba-94ee-4849-a425-c38e86e356ae,Charlie,Williams,Philippi,+27232148909
c5cba57b-fc35-47c7-bc19-c047ab166632,Charlie,Brown,Gugulethu,0894879915
0dd6de91-ad98-46a0-b3ec-85e27dcf8315,Grace,Wilson,Khayelitsha,0467981927
4d9accfc-9408-4c55-ae96-0711a737eee4,John,Miller,Strand,0150192388
176e7742-4edd-4a62-b684-03c2eb312937,Grace,Williams,Khayelitsha,0177041399
3f05ea92-00b8-49ab-bf90-8e8a32d8137b,Charlie,Miller,Gugulethu,0413615876
81d64430-e7e9-4638-b63b-1c5d36c3f92c,Eve,Moore,Strand,0739341502
acfc425c-deba-4795-995e-13c5ca0d2a68,Hannah,Miller,Soweto,0412988798
ddc8f1e0-8640-43bf-aa14-95bcd391eaba,Charlie,Jones,Philippi,0226517868
541fcee5-47cb-4629-a161-bc1b3980a77e,Jane,Davis,Khayelitsha,+27341977336
9d563bfe-51d0-47a6-94a5-f1bc807f37d8,Hannah,Brown,Khayelitsha,0812635340
db7df877-3371-438e-a993-40d72656e455,Alice,Jones,Gugulethu,0150955693
eac85264-d0a2-4f3e-b086-6d9b2956fecd,Grace,Lee,Strand,+27106247287
185dfc59-ee46-4abb-8763-cc3c030094bd,Frank,Wilson,Philippi,0317654494
9ce9605b-a4ec-4aa7-9bb6-dbcab6c41a80,Bob,Taylor,Strand,+27367988210
7deb3654-9a8a-4878-9bb8-e7b8c1f00502,Frank,Lee,Soweto,0379233328
981bc9e4-7752-40da-a8a7-1e8c5cb8dfbf,John,Moore,Khayelitsha,+27332121474
7c4775d0-ba2d-4dcc-a9fd-7af25eadaebd,Frank,Brown,Soweto,0914668804
b6c13b87-9913-4900-9500-dea45aa2ed88,John,Brown,Khayelitsha,0260894448
6d5b7b70-129b-4070-bf0e-04a2767b4aeb,David,Davis,Soweto,+27909763279
6c59cb4b-2725-4eb1-87b9-b80635bc92c0,David,Lee,Strand,0674985251
f71be59d-ccea-48ae-a2ab-4f1f876e61d2,Eve,Moore,Strand,+27154906753
fd12f99a-4058-40fd-a456-d7eef1bc3ab6,Hannah,Smith,Strand,0653372464
99b2dfeb-9abc-438a-bcb7-6dc0be634904,Hannah,Williams,Gugulethu,+27720935588
96be7370-dad6-45fc-9985-f0c5bf0dc3a9,Jane,Wilson,Soweto,+27408937468
8690f7ff-2391-4100-9d94-044ed6ea25f6,Charlie,Lee,Khayelitsha,0193683215
ce91caf2-582c-481d-afde-bcba6f253a81,Bob,Jones,Khayelitsha,+27308720925
a8db066a-aeb4-4553-90fc-9fbccad2db0b,Bob,Jones,Strand,0578741375
f6acabad-414a-43e4-8b7a-81fbb541408d,John,Miller,Strand,0610686306
de0a9ace-075d-4a90-9501-bc01d0085c27,Frank,Jones,Strand,0138587735
65c41a41-61e9-4c2e-bf80-73f32f6611d0,Jane,Wilson,Soweto,0823732833
80cbe154-139f-45f3-b13e-98afd779a503,Charlie,Smith,Strand,+27981062838
6eca86ad-181f-4c0d-9460-85fff5ba9801,Jane,Miller,Khayelitsha,0284952823
7a676c0f-ea9a-44ab-9a27-e71a1a2b7761,Grace,Miller,Soweto,0700822452
3898187f-3686-4981-8848-45a2299e7256,Grace,Williams,Gugulethu,+27840550996
d759431e-c91e-4198-a858-441614e174c4,John,Davis,Soweto,+27370870037
1f5fadd9-9f49-4586-9421-d8c3173eb7bb,Alice,Lee,Gugulethu,+27896345253
a1eb7843-eaa9-43e5-b45e-f40a212900c0,Alice,Smith,Philippi,0812777531
2d93b431-dfd5-4d26-b379-b3fc731bd0a5,Frank,Brown,Strand,0721653553
8fd245c5-9258-4656-ac2f-125c1c2d01b0,Frank,Moore,Strand,0267213989
5ae5e4a7-9f60-442c-8561-0d5794b1fc04,Jane,Brown,Philippi,0324209421
7e92dcf6-6389-44f6-86dd-5aa2a5fb60a3,Hannah,Miller,Soweto,0312172997
f1bbdf2b-86b1-4d1f-8dab-2efe9a330baa,Alice,Moore,Soweto,0357455546
95336ff1-5343-4067-b40f-9357503b706b,Bob,Jones,Gugulethu,0799729876
18757c3f-e858-493f-90ea-1292b55d777e,Eve,Smith,Strand,+27549455262
b6206643-3f0a-475e-9e43-0a52d8f0ac07,Grace,Taylor,Philippi,0599882628
bc736ba5-6379-45dc-8b8e-ef784f6e3090,Grace,Brown,Khayelitsha,+27485110191
b72f7db5-22b1-4cca-9829-3bb94ed8f3ab,Grace,Taylor,Strand,0833103077
ef3732e7-6f62-4732-a433-143fb95fbb3b,David,Jones,Khayelitsha,0341488176
d5253abc-abc2-4867-b79d-f33e48ed3228,Bob,Smith,Strand,0719466456
440d1b42-17ea-4bb9-b6d1-399f8ed0908d,Jane,Moore,Strand,+27637171990
4d4b17ed-9a0f-4da5-93fc-7aa351773f0d,Eve,Miller,Khayelitsha,0958716309
d4cfdcb2-f7f0-496e-942b-41b77f581213,Jane,Smith,Gugulethu,0397817159
6a1eaabf-39f0-4db1-aa27-3114577a13f8,Eve,Davis,Philippi,0758083302
e8cc4776-163f-407b-ba42-0261b269d5f4,Charlie,Taylor,Philippi,+27272930848
82a06d24-9dc6-4239-af7b-1d1f390a4ca0,Alice,Moore,Khayelitsha,+27605619650
68451090-3f55-4255-a4b1-e5060bf2924d,David,Moore,Soweto,0964330480
6c7ff156-14e0-42ee-9ae5-2379814ac2ff,Jane,Brown,Khayelitsha,0438598570
990d62f0-6254-4995-9298-6c64c0cfeffb,Frank,Williams,Soweto,+27324739750
fd702fae-0da8-4690-b1ac-42d42dc149e5,Jane,Smith,Philippi,0548318928
5d2d4e31-9990-4162-a6f9-cf69803ede2b,Hannah,Williams,Philippi,0952819593
5c70791c-9006-45e5-b9bb-824360cedf2f,David,Wilson,Khayelitsha,+27935587260
9c182079-fb30-425a-9b32-adedc4652555,John,Brown,Philippi,0652066047
bcc8c7e3-f3dd-4bc4-be54-5407dead3799,Grace,Jones,Philippi,+27857454251
006f3c4d-ed89-40f8-beda-cc866de77c80,Alice,Jones,Philippi,0147286764
b15e4ba3-cefe-4385-9321-cb1e462739fc,John,Taylor,Soweto,+27614389772
dd53dd04-1c7c-46e0-ba4d-59124b7ab22b,Hannah,Jones,Khayelitsha,+27943977696
e5befb6f-8356-47e7-9d7f-a0900549851a,Charlie,Smith,Philippi,0498702841
3370dcfb-cc16-42c1-9d58-53e41ed133dc,John,Brown,Soweto,+27983664677
dbd454f9-1d86-4af9-b5bc-1e4eaf8394dd,Eve,Lee,Soweto,0955772771
eab57180-6881-4a6f-8896-80dd60a445f7,Frank,Taylor,Philippi,+27378983066
27fc6681-2e32-4ae1-817f-cc80d850287a,John,Smith,Strand,0161544426
260b01c5-1546-4641-88eb-93c460a5189e,Eve,Miller,Strand,+27956657530
89baef94-3226-4998-90f1-33e10d806575,Frank,Davis,Gugulethu,0682188893
0666ffa2-ba60-4230-9d2e-6a94f77062f4,Grace,Williams,Strand,0809914356
05370caa-50ba-4dc5-abb0-45eb72158524,Grace,Williams,Strand,0972993459
4a930be7-0607-4875-a250-0bf3372e24fd,Bob,Miller,Soweto,0567434360
8996b3f2-d652-4c87-82f0-cfaeeb19b79b,Alice,Davis,Khayelitsha,0290186754
d6ab4135-d38c-4eb2-9eb5-153954e33581,John,Taylor,Khayelitsha,0838420895
587739aa-0d4c-4681-a3e0-295967bb0c9e,Frank,Davis,Strand,0365416190
babad8cf-d290-4ad9-a511-d79cf0424852,Eve,Brown,Strand,+27318845046
a9968901-5358-45c1-9a26-d85f264a7534,Grace,Brown,Gugulethu,0642006974
ad12c959-090a-4eeb-a450-3fb45674190f,Bob,Wilson,Soweto,0371982245
1e0bbb30-170b-4e91-a896-8552d7630acd,Jane,Brown,Khayelitsha,0503192534
7d00a98e-0c4c-4fcf-83b1-470ddc9c0085,Charlie,Brown,Strand,+27759106142
1093d738-3cca-408d-85c7-f25509350645,Bob,Miller,Strand,+27258458709
bfed5249-0c41-4d5e-b5e7-7447baca8607,David,Lee,Strand,0188493124
54112ddf-4b94-4fec-83d1-8ff426c4d74f,Charlie,Miller,Philippi,0838548224
f804d380-8190-43d5-970f-2cf31e2a856b,Frank,Miller,Khayelitsha,0558168938
52d548ca-9c0c-41ce-a530-fcbdccc6ca3e,David,Lee,Khayelitsha,+27459890711
b26e6824-167e-47bf-b1ce-123eab0789b3,Frank,Lee,Philippi,0240393207
9eaddec3-dadc-4a1a-8987-cc1e03c2c7d8,Eve,Brown,Gugulethu,0535721922
c87ef649-ab57-4c9d-9650-0f510cab915c,Grace,Davis,Philippi,0849416381
202558dd-aa30-4a3a-801a-f786bcad19c9,David,Davis,Soweto,0385326863
4a34f930-22c3-496c-ad47-27116f06602f,Eve,Brown,Khayelitsha,+27607532491
4504a52c-ca9d-45cc-a654-274f6d382c59,Hannah,Moore,Gugulethu,+27637729455
9575af44-b74e-48ce-a536-3e53fe606b2e,Grace,Wilson,Strand,0291840141
215e21ce-c5ec-4b81-90cf-5df410662891,Eve,Wilson,Soweto,0916853655
b40aed71-02a6-4e78-b237-2ac5afad4962,Grace,Smith,Philippi,0529538063
12f293cf-a6c6-45ef-9cfc-91e040e8c4a0,Charlie,Smith,Philippi,+27243599255
55c1f579-6b01-4ce6-be4e-b349c2c90034,Frank,Jones,Gugulethu,0461145610
6da0188b-5b5c-4fdb-9af5-90c86b797916,Jane,Williams,Khayelitsha,0732010570
dabb6a95-5588-471a-add2-7bcef63e0811,Bob,Moore,Khayelitsha,0113443270
ddd75de3-1acf-4e1a-947e-cdf3decad67f,Charlie,Lee,Philippi,+27496430725
6ad0393c-4279-478a-8464-7d5a13f4ae29,David,Miller,Strand,0228297509
6b62d59e-4387-482f-957a-475c76da6e7c,Eve,Lee,Strand,0619306639
db59291b-9261-45e4-9bd4-3036553a0174,Grace,Taylor,Khayelitsha,+27424269769
36f3eb69-fc62-4e74-88a8-f131481d1762,Bob,Davis,Soweto,0506816804
567f747d-2f06-4a6e-826b-aa5197c067ff,Charlie,Moore,Soweto,0505407995
5359b373-de87-40ff-a627-ffb1c9de221b,Eve,Smith,Soweto,0468673685
df8ce296-170f-4f99-b8a5-fb523ce9321e,Grace,Davis,Gugulethu,0277775316
f9775227-2ef3-45d3-9e4b-b18b81d1fc34,David,Davis,Strand,0908307957
af9e2790-0990-4c4a-88d9-3692a3ce48fc,Alice,Wilson,Soweto,+27650580566
17cd72ae-5ef7-446b-bcb2-d3978de76549,Frank,Wilson,Strand,+27892702875
de8a53f6-952d-4a5c-a801-bb6311609b72,David,Wilson,Gugulethu,0825843219
23655fc9-b14f-4ec0-a83e-42446e8a5427,David,Miller,Philippi,0644470381
4dc1cff2-a7f3-4e7a-83d2-d71a5b18d880,Frank,Jones,Gugulethu,0207704583
5b710204-a7cd-4336-9ab9-0baec9ab756b,Alice,Brown,Strand,+27282974863
64cb9a19-ad04-443b-b662-5e9c5352b5b9,Grace,Williams,Khayelitsha,+27689690684
e5222eaa-0bea-44b2-94b9-cbdb69507589,Bob,Davis,Soweto,0656695460
f7738eb6-8da6-4a05-8eb4-dd1221562425,David,Davis,Gugulethu,+27991814781
bb0328c7-0893-4fb7-a9b4-296a8973dad9,Bob,Taylor,Philippi,0434627064
8026ec5a-c4e6-468a-90c6-0f21b31d231d,John,Brown,Gugulethu,+27639236634
d8997347-bdb3-4781-b6c5-9a26f8dceb06,David,Brown,Philippi,0113062105
a041586a-a8dc-4118-8bc7-3b7d8e1a6178,John,Davis,Gugulethu,0516642318
f6a67ce7-ac44-4bc1-8696-4fd5e97e1c8e,John,Miller,Strand,0345582407
472cc839-97cc-4f58-bd31-0d96b908be01,Frank,Davis,Soweto,+27286425409
dd917740-5dd5-4f93-b710-6c07c9b1dfaf,David,Brown,Gugulethu,0849423422
80091952-79cb-4733-8f30-340b4cc87c54,John,Jones,Philippi,0614903531
c92d34a6-834e-4363-9ff7-be7973a6873c,Frank,Taylor,Philippi,+27309508535
eebb0051-3be0-41c3-b3c6-84b20a517fab,Jane,Jones,Philippi,0789482318
df1c98e1-c013-4f54-a074-6c33d2432c53,Eve,Davis,Khayelitsha,0602554742
a8e38957-4500-4e01-a429-2ef3ea344f12,Grace,Williams,Soweto,0169170195
39965010-9fde-4e3d-9378-a2aefadd7d51,John,Williams,Strand,+27682672558
b4b1a25e-ef0a-4a2e-9058-1bd4456a56df,Bob,Brown,Soweto,0976816887
3d4b4e42-58ad-4c7b-8a89-76e6eadc30e2,Frank,Taylor,Soweto,0272448525
79a8a6be-3941-454a-bf64-66fea05a4c2e,Grace,Brown,Soweto,0552678785
bd4b088f-1646-4511-aa74-3d7d54d9bb3e,Charlie,Wilson,Soweto,+27893139800
89bc18b9-0859-4489-979a-4acc64ef1852,Alice,Davis,Gugulethu,0366238502
ca084127-4a85-4b7a-8f41-5470535b0f11,David,Wilson,Philippi,0263932198
155fccb2-bc8b-41c2-b0b0-0bde4e94a7d8,Eve,Taylor,Soweto,0723271716
ec53c276-3660-4e2c-ace7-825037bad9ae,Frank,Smith,Strand,+27930766293
392c869d-2391-46f9-94b5-5dfd2ab0480b,Frank,Jones,Khayelitsha,0594049232
0351c90f-0326-43e2-8f71-68cccb561edd,Bob,Smith,Gugulethu,0801479989
51026cad-b4fa-4ad3-8502-363a7a9482e9,David,Moore,Philippi,0464532288
d929bf76-ae6b-4c7a-a554-08a51e0fb372,Jane,Moore,Philippi,0148946905
4354d4d5-28b5-4690-ba72-a14d05f33962,Frank,Miller,Soweto,0902086621
edee608f-343d-48e3-b19f-532d249bff83,Frank,Taylor,Strand,0239624069
ab460eeb-46c3-4f28-b4a4-341a5dc8c8a5,David,Lee,Khayelitsha,0265129651
2cb2c93d-1e83-49ee-8c7f-dbdd0f510cca,John,Taylor,Soweto,+27679115057
6660bd22-7403-4b6e-ae11-8cd4c235fcb4,Charlie,Smith,Strand,0715491379
3089c3da-8cc6-4265-9cf5-fddb44a7a355,Charlie,Jones,Gugulethu,0973713179
faa76c53-99e4-4bc7-89c0-407eb0024e68,Hannah,Wilson,Gugulethu,0951916211
1cf65f6e-3082-4b6a-97dd-cc744ed96192,Hannah,Williams,Soweto,+27737264594
0660dca5-f2a4-423f-aef5-fae7d0995543,Charlie,Brown,Soweto,+27231753075
e1feb3a3-eb8f-49fe-a7b1-354a7d2a18db,Jane,Jones,Soweto,0176211076
166d1a8d-b161-4643-aa4a-f23f0886d1dc,John,Davis,Philippi,+27887173176
7b8fb020-dd6b-470c-99a8-c2f7d84fc5eb,Frank,Jones,Philippi,0754252756
94e75a8c-2b18-42ce-8194-8ff1d5f43312,Jane,Moore,Gugulethu,0392126797
8af784a1-217e-4d60-b142-6e75c6ab0066,Bob,Brown,Philippi,0667207107
d1937ba6-ef8c-45ae-992c-ac90e11280c6,Eve,Jones,Philippi,0679911519
88e1f904-1e91-4e26-8c47-2e1c75084110,Grace,Moore,Gugulethu,+27987823445
36f4bd3f-ae35-4faf-b198-b22bb809bc7e,Jane,Davis,Khayelitsha,0876760428
50eabf84-424d-4131-851f-e82621d8aae0,David,Lee,Gugulethu,0687863898
8dd63af7-0a0d-4f5d-98ea-d866d2a41166,Alice,Williams,Soweto,0922580934
7298368c-f207-40ed-a396-b2c3b625201e,Jane,Brown,Khayelitsha,+27413133441
1a776fec-310a-421c-99cd-3805b42248b3,Frank,Smith,Gugulethu,0368978974
20e0bea1-d590-4aba-ab1e-c2433e017d95,John,Wilson,Soweto,0563620616
752cec17-1f33-4262-b505-013ff596e5ab,Frank,Taylor,Gugulethu,0217916297
55206680-8fe7-4d86-b118-c22815797215,John,Brown,Gugulethu,0518823438
1f691252-4bbf-4cd6-b683-2d6d708b8140,John,Moore,Soweto,0977781615
0fef7b83-8c81-4e9e-b1c9-1fcd00db1358,Grace,Smith,Strand,0452945759
9e2bc8be-ef3f-4765-aaf5-0a5b020e2d07,John,Williams,Strand,+27652553110
658a6415-fdde-4876-b3db-06fc783660e2,John,Lee,Philippi,+27106104525
8077fe87-0005-4826-9032-f80ed5289c12,Jane,Taylor,Khayelitsha,0221355107
465e0004-b581-44cb-bfd7-338b96708cd5,Alice,Davis,Gugulethu,0528819933
24a27d53-0cdf-49d1-81e2-af4adaa0eecf,John,Davis,Soweto,+27940547324
ba0a78a9-417c-466e-a4e1-e979468cdb43,David,Davis,Khayelitsha,0467010459
206c67e9-37cd-43f9-954b-cb611766ff85,Eve,Davis,Khayelitsha,0494923457
80ed8e9e-0dd4-4a8a-a827-482fa52a948d,Eve,Lee,Strand,0733807184
7a22972b-6936-4041-83a2-c8dba1b238c3,John,Jones,Gugulethu,0922008671
eb88fcf8-a3f9-4a55-9d41-a98feeacd1d0,Alice,Williams,Philippi,+27689106408
bbc0701d-014d-43e9-8bf2-af9a85e54c77,David,Wilson,Soweto,0506916840
81f56de9-5fb2-49b7-ab22-8a7e9c815bbd,Hannah,Moore,Khayelitsha,+27503251835
b5c86444-6078-4b82-95c9-e9e7e93b63ea,Hannah,Moore,Soweto,+27338384362
c7894541-986b-4c1e-80cf-d85a5205839d,Bob,Miller,Soweto,0509682507
db2647ea-4e76-4fd8-b12d-47e0237c42d1,Eve,Brown,Strand,+27619386052
7cf26c00-5993-40ae-a007-2232d2eb75d0,Jane,Lee,Strand,+27731471476
dcd817e8-dfd2-4adf-b2b0-36a2cd153380,Grace,Jones,Gugulethu,+27802711235
d059bdf6-2518-41e4-b920-17ce4d62e837,Jane,Williams,Philippi,0370658796
d9dd08ef-242b-4dcd-a213-7c16de9d382b,Hannah,Moore,Soweto,0838076556
4d9ba091-9eef-4a3d-9fb5-97505ede38a3,Eve,Moore,Khayelitsha,0804076050
c7f26847-e7c2-427a-a243-0de01583cdd3,Frank,Jones,Khayelitsha,+27450399384
bcf649be-6c77-4026-9046-30749fae5ec9,Frank,Jones,Khayelitsha,+27635301566
e020ae11-7b94-47e1-9a86-d8ee714c6310,Hannah,Lee,Khayelitsha,0545672338
2235b45b-2846-43a8-879b-ed4290acbd96,Jane,Miller,Soweto,0582703280
3a263599-ba32-487a-b0f0-b483d6e1c1cd,Hannah,Jones,Philippi,+27624157489
e50a061c-4ec1-4977-b664-435788010bad,Alice,Lee,Strand,+27400208503
3f567517-7ac2-4e53-a3a0-4a30628bea26,Grace,Miller,Philippi,0189186225
e067f7f5-8806-499c-a7ae-c4389cf55f39,Charlie,Williams,Soweto,0938398409
7c3995bd-c2b8-4b88-82df-c5b4e6a60f9b,Jane,Taylor,Gugulethu,0716957572
e80bb842-7846-4f92-9911-8878088d7044,Charlie,Miller,Strand,+27230380265
c88a98df-a33d-4d9c-8774-360833458afe,Charlie,Davis,Soweto,0620161572
f59b418a-2752-4b6f-be3c-5ea56af6c25b,Jane,Williams,Strand,0615218712
4103e4e2-266f-4caf-b846-0722c3e6d7d8,Alice,Davis,Strand,0723248276
d69830e8-039e-495d-94c6-ebf1d3792aa5,John,Jones,Khayelitsha,+27570427423
3562515d-95bd-4fc6-9b4d-8b0c8d86d19b,John,Lee,Khayelitsha,+27406409468
02191aaf-43c5-4118-91ed-f2d99838413a,Alice,Jones,Khayelitsha,0228484978
e740d2e2-3ce1-48ea-bc4f-2ee9b0c49f90,David,Lee,Khayelitsha,+27995790938
aaa40043-ba3e-45c9-b3f3-13af340ab84b,Frank,Williams,Gugulethu,+27997745371
2f44d029-cc6d-4ded-9c98-5b3d0e3fbf81,Frank,Moore,Khayelitsha,0805994131
0a571aef-1fb5-4426-995d-9c996b34b7af,John,Moore,Khayelitsha,0283065522
d2bd1218-eeb1-422a-b5e2-c07ef9a02535,Bob,Smith,Gugulethu,0856878350
79a8cea7-74fc-498b-a414-807da3ca2163,Grace,Moore,Philippi,0668814127
4166fd53-6c1e-40a1-ad8f-a84190fba8a9,Grace,Smith,Khayelitsha,0395389805
59b9a12c-e36e-4297-92b4-9e1d13794841,Bob,Williams,Khayelitsha,0789816926
8768ddf5-dd00-4268-912c-7603381e704f,John,Miller,Soweto,0463933390
c645c071-7fe2-4f67-baf0-f1de571327bd,Grace,Brown,Soweto,+27887840261
90c4972f-685f-4443-8305-49409f551a78,Alice,Wilson,Strand,0920684682
c4c654ea-db6d-4026-ae97-e4856746414e,John,Wilson,Philippi,0665259131
51aebcd7-cabe-467e-9067-88c04b658516,Frank,Jones,Khayelitsha,+27403945538
5e2f7b97-a60f-4725-9a91-f2df1bbe1dbb,Charlie,Lee,Gugulethu,0937702710
54bc59a1-c5d0-4ef5-a89b-e5f746a1dd95,Frank,Taylor,Gugulethu,0125253935
d071d229-dbab-4c62-92e3-646820040891,Grace,Miller,Khayelitsha,0701818942
5afc699d-4e36-43b5-b509-254246f7e165,David,Davis,Strand,0568059948
12d83992-01c1-4dd5-86a8-5780cf4e9f2d,Grace,Davis,Khayelitsha,0678690200
13959b9d-5297-46a5-a2a6-831e9fb5174a,Jane,Taylor,Strand,+27809174539
55a4ffbd-09ca-49fb-a281-f4a33b0e417e,Jane,Miller,Strand,+27836699067
96d52b78-2eeb-4751-936e-042ba5c63acb,Frank,Taylor,Khayelitsha,+27642706967
57e08c22-5010-4445-a892-49926d901b04,Eve,Lee,Strand,0262155986
50d7fbeb-95da-4db8-9cfc-2a7b23a8804c,Jane,Moore,Khayelitsha,0323427133
520a2d68-920f-4195-8f1e-86835f7bfc71,Eve,Williams,Khayelitsha,0232321510
7506ced1-38ff-40a1-a004-b80a13838458,Bob,Davis,Soweto,0978591397
5984f95a-5a8b-4dd8-a222-22da8cab25f9,Frank,Brown,Soweto,0411669059
30cacabe-0e92-4508-b078-6ceabe1821a7,Alice,Lee,Soweto,+27148343983
d3f0e6da-0848-4057-8652-79a5d3856513,Grace,Brown,Khayelitsha,0611104140
84342402-a1d8-4073-a32c-285406a497cf,Hannah,Moore,Philippi,0441360570
7a0b4685-10d1-4d8a-a3ec-eb8a753a7284,John,Lee,Khayelitsha,0263280439
36721f17-d10f-4019-8a31-823fda676f7b,Alice,Lee,Khayelitsha,0435286667
75bbc509-bb60-4f30-9441-533f6e7957a5,Bob,Lee,Strand,0983906023
5824195e-820c-4248-a7d4-6fce6f9f7f60,John,Davis,Strand,0680256177
b9a3f908-d843-4715-b722-f5842d05f544,Jane,Miller,Khayelitsha,0250633072
0b211fd3-c408-43f7-950c-8b6fda723922,Frank,Wilson,Soweto,0500355015
c0e8b5f5-64a0-445b-b7e7-66b350dff963,David,Wilson,Soweto,0880732423
3afa7fc0-07e2-4e02-bd21-0119f35599b7,Bob,Davis,Strand,+27354305651
ad681092-7168-40d7-9aca-f496e86ddc16,Jane,Davis,Gugulethu,0397219444
4e8f10a1-6936-4042-99cb-2503f21b8f72,Frank,Williams,Philippi,0138801490
15c0038e-76e5-4b40-9078-c94ba077ef67,Charlie,Smith,Strand,0536289673
4d6821bd-73f8-479b-aa83-8391ec5313b2,Eve,Williams,Gugulethu,+27666531455
5ff4347d-7e63-448c-b145-ab1882c3f70c,Jane,Taylor,Gugulethu,0706940844
c4f3d9e5-c018-4bca-8175-625ed8a42acb,Frank,Williams,Soweto,+27789662317
6443370a-bec7-417c-ad75-2f1b47d20a6c,Alice,Lee,Soweto,+27727720996
81900592-f9a2-4402-9112-afb8c2dd8cda,Jane,Taylor,Khayelitsha,0498304241
36b1703a-e42a-4d4c-946c-3c1a3bb8e5b4,Alice,Moore,Soweto,+27472497001
25a6808c-fc55-412d-b7fe-c3a5a26f258e,Grace,Brown,Philippi,+27775247031
8b8b8cc5-7452-4232-aac3-b8cd363b28f2,Charlie,Davis,Strand,+27533951334
6267a161-7acc-469d-8916-5ba65a3c2457,Eve,Miller,Khayelitsha,+27364362309
e7dfbb13-44c3-4e96-820d-6f86e70b365d,Charlie,Williams,Gugulethu,0611344825
6899af90-81c5-4829-8018-5375f1c52236,David,Miller,Gugulethu,0900238070
252cfbb7-05e5-4c10-ba79-8dcf988486f3,Alice,Miller,Khayelitsha,+27775960336
a6c97b2f-a833-42a4-bb95-8d19027f778a,Alice,Wilson,Soweto,0299384225
04dd6554-fccf-4ab4-8857-005539365b46,Alice,Wilson,Khayelitsha,+27724110729
2ee79668-2b78-41b4-a750-91e1913925f0,Charlie,Smith,Gugulethu,0949097049
f3f9e3e4-524a-4cf7-a06a-37ae96f12217,Hannah,Taylor,Gugulethu,+27385058347
ea193a16-45da-44c5-8bb0-2b686ecf1f56,Jane,Lee,Khayelitsha,0571582314
8b0279f6-a192-43ec-a5e8-ce1268777386,Grace,Miller,Philippi,0122256682
dde0a288-6183-46ac-83c9-634298226fed,Eve,Smith,Philippi,0581466362
3b1c963d-03bf-4aa6-8ef5-1d387545bbbc,Hannah,Taylor,Gugulethu,+27855624850
dc8352d3-d162-4b6f-bb27-44d8a2e25eb7,Eve,Moore,Soweto,0894504531
d8e20817-f548-4585-bdf1-23cff18ccbf0,Jane,Moore,Khayelitsha,0685348522
a85370c3-381b-4370-8a19-f73c9373bf3f,Jane,Davis,Gugulethu,0194891605
3122ccaf-2596-434c-b4eb-5417cac6de93,Hannah,Jones,Strand,0995525262
3b2e8158-089a-4c2a-beaf-d0a187b53423,David,Williams,Khayelitsha,0950687478
8a6c6f87-fc34-47da-ae80-9bef150d73b2,Frank,Miller,Gugulethu,+27712532609
bb6169c1-b78d-454c-9d1b-3dc4d20c44e7,Charlie,Miller,Khayelitsha,0804648528
d6581662-4dd1-4d22-861d-28e6bb546bbd,David,Wilson,Soweto,+27649905855
c2e2440f-094a-48e2-a38d-82b588b3ea0f,Charlie,Smith,Philippi,0760875112
30a4bfdb-531b-4b3e-95bb-a91d506c43b7,Alice,Jones,Strand,0753194154
e675586a-01c9-4b4b-8a90-5daf645af5cc,Bob,Smith,Khayelitsha,0559454328
cabd2f04-5cc8-4a81-898a-8f1de9a206ab,John,Davis,Soweto,0523155542
1ec15176-09f8-43a1-9680-02512d6e6873,Bob,Davis,Philippi,0359302955
04ac0d34-3100-4917-a2f1-6e5ed4af3b84,Bob,Williams,Strand,0102772201
c39ea2e1-505a-4435-a377-3eca3f7ede1e,John,Lee,Philippi,+27729850292
204a45ac-c722-47c7-aa39-98bc6bd6ff76,Bob,Lee,Philippi,0527707740
acfae38d-c396-4747-8322-44a89fda9b20,Bob,Davis,Soweto,0664901384
7d8956c2-d6a2-46a7-9407-fec5e286af44,Charlie,Brown,Soweto,0163571235
d6d36422-411e-4089-88aa-99337b6d19e4,Bob,Jones,Philippi,0158089403
a7d39c09-3236-4717-b9a9-4fe3dc10e576,Jane,Brown,Gugulethu,+27264357372
1c068a37-c21a-46ec-98e6-db958ca7b58d,Bob,Williams,Gugulethu,0851494596
9349c4b5-8c54-48e2-99d0-a41a7290f998,Grace,Taylor,Strand,+27701614989
12b73bb5-2b4b-4f5c-9442-190eaeb906b7,David,Wilson,Philippi,0945770700
c890e611-2b35-4932-b1cb-f046ceb6ee2d,Eve,Smith,Gugulethu,0283829251
3b4b0d55-bc26-46d8-89bc-c08a38ceb153,Frank,Smith,Strand,+27941722527
2708cd82-66a7-4543-ad92-6b88871d970c,Eve,Moore,Gugulethu,0673499295
558a8293-5fab-40c6-87ff-997c44d8b4d9,Jane,Smith,Philippi,0750731580
dbe2d789-a23c-4e84-a6ba-fdf0401445ef,Grace,Taylor,Philippi,0392277759
edaed550-93b9-4b7d-afd5-7bc54d543ac3,Charlie,Williams,Strand,0903318205
f3c294f9-2ee6-45dc-99cb-a6103c244530,Alice,Davis,Philippi,0542674573
821e67ea-7111-4539-bdb9-2d77fe09b6c4,Hannah,Miller,Gugulethu,+27781643762
d6de337b-d6b2-42c6-a217-e47aa2f9cdf1,Eve,Jones,Khayelitsha,0819382272
98fc43ac-5c66-4e48-bc2d-dc8121407fa7,Jane,Brown,Gugulethu,0752421223
3ae459a6-bc02-4d75-9a37-411c45d1ddb0,John,Lee,Soweto,0500369128
3e67be0f-2c4b-44b8-bd8d-62cf8b76685d,Eve,Taylor,Soweto,0427417763
0ff37be7-7626-47c0-89fb-2074d310eb92,Jane,Williams,Strand,0188701297
763e2643-f2af-4e25-8a0d-ef2034669a85,David,Smith,Strand,0698194131
aaeba429-4896-42ab-9c48-77dad0cfd04b,Bob,Lee,Gugulethu,+27115326030
17c0d5fc-111e-4dd7-8959-1170a5b8df75,Alice,Taylor,Strand,0397865206
9697ae8e-7542-452e-9913-29392a65dfaa,Frank,Jones,Philippi,+27428930440
3492db8f-1871-4747-8e64-f9d52e743539,Hannah,Miller,Khayelitsha,0947671361
1f63d38e-d9ec-4ea2-9f2b-fc69a57532ee,Charlie,Brown,Philippi,0812411040
e24090c7-49f6-4042-b0d1-61b1293f9e05,Bob,Taylor,Strand,0457809223
aa088921-77cc-4d2f-aae4-2b6c8fcbaf01,Jane,Moore,Philippi,+27254026655
3c4af408-788c-471a-845a-3fb61f0585f9,Bob,Davis,Strand,0386171112
98dc9792-7f22-4592-ae07-a4d2779d2813,Charlie,Brown,Strand,0603956351
72726fe1-b936-4dff-a1ee-153e3aa9259f,David,Brown,Philippi,0671209689
9b81d2a5-7997-4ca8-8107-6945fd166554,Charlie,Lee,Khayelitsha,0527525877
0d907237-9d58-4f09-bc98-a7ee7c01ee6b,Frank,Taylor,Soweto,+27453803486
f7f1fe45-4822-44b1-ade0-2a2e0e2dfaaa,David,Miller,Khayelitsha,+27137708625
e01753e6-169b-4bba-bc68-d85a9d7052d3,Jane,Wilson,Gugulethu,+27476778240
0433d310-675c-4936-b614-5cb4a10b7559,Grace,Davis,Strand,0902544583
965ee6f2-adef-48c8-b8bf-10b3ee5774f6,Hannah,Williams,Strand,0591495842
28a58911-e575-4be0-ad10-3fe8f4cdc1c4,Jane,Davis,Khayelitsha,0914634786
3a81cc83-fcd1-42b8-8059-428d83155086,John,Moore,Soweto,0904598083
c0a70af7-1a6e-4829-b8b0-b0742d3ba10a,Charlie,Taylor,Soweto,0886618362
6f6eb613-1a37-466f-9512-707f6bb4d592,Bob,Taylor,Strand,+27221470795
76a5b202-a17c-4ee8-ae8a-e57af127e9e3,Frank,Davis,Soweto,0449932840
20397946-8e1c-4626-891a-ea270c0623a2,Hannah,Smith,Soweto,0937850235
af3408c8-096e-4543-b90f-789d706fddb4,Frank,Jones,Strand,+27376862142
6913e825-abd2-47bb-8ed4-255d65f4c7d3,Charlie,Wilson,Soweto,0808983342
cb5eea94-f15e-4e67-9423-7f567e420268,John,Wilson,Soweto,+27413190839
45943b45-c32c-40a4-82a2-b7ba67d5970f,Jane,Jones,Khayelitsha,0956061823
8ba786b2-8ea9-4703-b2eb-c7e2ec10f51f,Grace,Moore,Philippi,+27497810207
85345519-7c90-4c77-82e1-f276f4c31ee4,Hannah,Wilson,Philippi,0708869016
7e9d8f59-82a5-4ad1-bce2-e034695c07e8,Jane,Williams,Khayelitsha,0703336197
343add39-5837-4875-8fd4-a4aa1595f1fd,John,Smith,Khayelitsha,0668457655
057af7c7-eb9a-450d-aa16-c4c3d1d6826d,Charlie,Brown,Soweto,0436862816
ac01565f-7791-4b7b-8f86-f6a1f584b1cd,Charlie,Lee,Strand,0238985285
